favorites,retweets,tweet_id
37899,8278,892420643555336193
32556,6115,892177421306343426
24514,4051,891815181378084864
41252,8420,891689557279858688
39424,9120,891327558926688256
19820,3034,891087950875897856
11585,2007,890971913173991426
63953,18368,890729181411237888
27230,4167,890609185150312448
31242,7187,890240255349198849
30019,7138,890006608113172480
27224,4845,889880896479866881
47096,9778,889665388333682689
26567,4407,889638837579907072
14791,2191,889531135344209921
24699,5224,889278841981685760
28501,4389,888917238123831296
25027,4174,888804989199671297
19400,3450,888554962724278272
21291,3402,888078434458587136
29543,5250,887705289381826560
45278,11383,887517139158093824
67530,17699,887473957103951883
32961,10151,887343217045368832
29927,5808,887101392804085760
34392,7570,886983233522544640
11802,3193,886736880519319552
21955,4350,886680336477933568
20748,3120,886366144734445568
116,4,886267009285017600
27407,6130,886258384151887873
0,104,886054160059072513
31938,6594,885984800019947520
35196,6262,885528943205470208
20000,3659,885518971528720385
0,18076,885311592912609280
21456,4276,885167619883638784
75758,17787,884925521741709313
27326,5470,884876753390489601
23788,4570,884562892145688576
26431,5518,884441805382717440
71444,19985,884247878851493888
19928,2910,884162670584377345
21438,3364,883838122936631299
44940,9675,883482846933004288
22205,3610,883360690899218434
36366,6493,883117836046086144
23456,3826,882992080364220416
27694,4784,882762694511734784
27349,5936,882627270321602560
43992,11308,882268110199369728
28740,4840,882045870035918850
23809,3311,881906580714921986
49522,10414,881666595344535552
124,7,881633300179243008
48386,15569,881536004380872706
22609,5051,881268444196462592
16676,2715,880935762899988482
20841,3734,880872448815771648
27935,6129,880465832366813184
26473,4115,880221127280381952
27043,4243,880095782870896641
21881,3414,879862464715927552
303,10,879674319642796034
22939,3105,879492040517615616
103672,43259,879415818425184262
16446,3043,879376492567855104
0,6658,879130579576475649
22084,4602,879050749262655488
18593,2636,879008229531029506
19013,4037,878776093423087618
29636,7036,878604707211726852
0,1257,878404777348136964
0,6499,878316110768087041
7590,1257,878281511006478336
41170,6658,878057613040115712
78129,18657,877736472329191424
0,79,877611172832227328
22274,3722,877556246731214848
26838,5072,877316821321428993
26581,5460,877201837425926144
20295,3268,876838120628539392
23062,4547,876537666061221889
18398,2350,876484053909872640
27392,4588,876120275196170240
24717,4209,875747767867523072
21521,4835,875144289856114688
26891,5935,875097192612077568
24994,4625,875021211251597312
27305,4555,874680097055178752
0,14434,874434818259525634
25568,4029,874296783580663808
22276,3890,874057562936811520
33932,10214,874012996292530176
23777,3869,873580283840344065
0,1559,873337748698140672
7105,1559,873213775632977920
26869,5327,872967104147763200
14471,3633,872820683541237760
20445,3638,872620804844003328
40023,8896,872486979161796608
33662,6233,872261713294495745
33867,8017,872122724285648897
37351,11001,871879754684805121
19955,3434,871762521631449091
19911,3416,871515927908634625
0,5631,871166179821445120
20643,5446,871102520638267392
22359,3776,871032628920680449
33174,6145,870804317367881728
117,3,870726314365509632
12253,2614,870656317836468226
81687,25983,870374049280663552
21565,4121,870308999962521604
36206,8277,870063196459192321
41918,9954,869772420881756160
27912,6300,869702957897576449
15796,3119,869596645499047938
20236,3767,869227993411051520
64939,14395,868880397819494401
0,2087,868639477480148993
26478,5273,868622495443632128
10041,2087,868552278524837888
23995,4170,867900495410671616
33692,7319,867774946302451713
15986,2499,867421006826221569
0,121,867072653475098625
32016,7852,867051520902168576
19937,4804,866720684873056260
19190,3475,866686824827068416
121497,35277,866450705531457537
52260,14434,866334964761202691
0,8374,866094527597207552
25511,5622,865718153858494464
26360,5006,865359393868664832
27889,7698,865006731092295680
32173,8728,864873206498414592
14583,3039,864279568663928832
30067,8961,864197398364647424
20553,4160,863907417377173506
15271,4202,863553081350529029
0,2460,863471782782697472
23781,5277,863432100342583297
2260,97,863427515083354112
8756,1113,863079547188785154
8514,2460,863062471531167744
19159,5132,862831371563274240
17053,3550,862722525377298433
20529,4994,862457590147678208
74548,23475,862096992088072192
36144,10801,861383897657036800
17213,4193,861288531465048066
16737,3833,861005113778896900
0,2180,860981674716409858
0,828,860924035999428608
7529,2180,860563773140209665
23683,5343,860524505164394496
18348,3513,860276583193509888
16731,5921,860184849394610176
0,31251,860177593139703809
19615,4136,859924526012018688
15463,3555,859851578198683649
18675,1598,859607811541651456
90367,30616,859196978902773760
34045,13822,859074603037188101
0,8276,858860390427611136
15623,3534,858843525470990336
21645,4925,858471635011153920
15829,2955,858107933456039936
16251,2631,857989990357356544
34525,10836,857746408056729600
5958,1676,857393404942143489
20183,4598,857263160327368704
229,18,857214891891077121
0,176,857062103051644929
19109,4091,857029823797047296
0,10924,856602993587888130
16414,2946,856543823941562368
11968,1929,856526610513747968
0,696,856330835276025856
524,17,856288084350160898
28037,6475,856282028240666624
348,27,855862651834028034
5092,1052,855860136149123072
11990,2164,855857698524602368
46032,18187,855851453814013952
26964,5580,855818117272018944
30323,8430,855459453768019968
0,6147,855245323840757760
0,47,855138241867124737
23179,6287,854732716440526848
29781,7077,854482394044301312
19200,4841,854365224396361728
32520,7722,854120357044912130
16486,3256,854010172552949760
29120,5985,853760880890318849
35501,10496,853639147608842240
15839,3699,853299958564483072
0,2080,852936405516943360
9256,1904,852912242202992640
15237,2243,852672615818899456
16716,3651,852553447878664193
33862,10264,852311364735569921
20468,7071,852226086759018497
11727,1652,852189679701164033
0,10015,851953902622658560
0,23,851861385021730816
16601,3612,851591660324737024
24862,7381,851464819735769094
21217,5959,851224888060895234
31800,9677,850753642995093505
13411,2733,850380195714523136
3530,350,850333567704068097
16778,4001,850145622816686080
21021,5111,850019790995546112
31321,7949,849776966551130114
0,5179,849668094696017920
16333,3288,849412302885593088
11751,1977,849336543269576704
43725,8919,849051919805034497
25976,4530,848690551926992896
25517,4819,848324959059550208
8428,780,848213670039564288
16838,3215,848212111729840128
0,3421,847978865427394560
0,448,847971574464610304
24283,5352,847962785489326080
5645,1408,847842811428974592
7236,444,847617282490613760
19391,3569,847606175596138505
21124,4507,847251039262605312
20603,6160,847157206088847362
22120,3369,847116187444137987
20747,4124,846874817362120707
46163,12210,846514051647705089
14582,3243,846505985330044928
32787,9557,846153765933735936
31958,10420,846139713627017216
16554,3053,846042936437604353
30332,9208,845812042753855489
26012,5044,845677943972139009
7908,1905,845397057150107648
24161,5686,845306882940190720
0,8078,845098359547420673
14115,2722,844979544864018432
15663,3394,844973813909606400
40149,10924,844704788403113984
17098,3320,844580511645339650
14148,2326,844223788422217728
15706,3094,843981021012017153
22237,4899,843856843873095681
17535,2916,843604394117681152
22331,6400,843235543001513987
15800,3813,842846295480000512
6999,1352,842765311967449089
18791,3713,842535590457499648
25436,6147,842163532590374912
14567,3213,842115215311396866
0,16249,841833993020538882
26663,8222,841680585030541313
13130,3902,841439858740625411
20568,5776,841320156043304961
16470,4987,841314665196081154
23806,5631,841077006473256960
0,1861,840761248237133825
0,17167,840728873075638272
185,2,840698636975636481
12798,1041,840696689258311684
9345,1861,840632337062862849
17140,4827,840370681858686976
20089,6096,840268004936019968
13978,2438,839990271299457024
28693,8276,839549326359670784
0,151,839290600511926273
28371,6958,839239871831150596
20452,4230,838952994649550848
11650,2211,838921590096166913
0,36,838916489579200512
0,11771,838831947270979586
11390,1410,838561493054533637
23568,5122,838476387338051585
0,10746,838201503651401729
1751,353,838150277551247360
147,0,838085839343206401
18394,3364,838083903487373313
35707,8374,837820167694528512
4003,469,837482249356513284
13346,2444,837471256429613056
22092,5648,837366284874571778
16741,2550,837110210464448512
13292,2455,836989968035819520
20097,4924,836753516572119041
13188,2370,836677758902222849
0,582,836648853927522308
0,29526,836397794269200385
15402,3163,836380477523124226
22224,4582,836260088725786625
19979,4583,836001077879255040
0,8705,835685285446955009
18633,3870,835574547218894849
0,1820,835536468978302976
0,22474,835309094223372289
17186,3206,835297930240217089
8094,1820,835264098648616962
2189,77,835246439529840640
27340,6134,835172783151792128
23507,3230,835152434251116546
11325,1764,834931633769889797
22188,5878,834786237630337024
14320,2709,834574053763584002
0,11426,834477809192075265
10057,1794,834458053273591808
21575,5121,834209720923721728
16511,3892,834167344700198914
10522,2275,834089966724603904
13687,2374,834086379323871233
14042,2574,833863086058651648
18843,3994,833826103416520705
0,230,833732339549220864
21707,3437,833722901757046785
15574,2215,833479644947025920
21157,5179,833124694597443584
13927,2372,832998151111966721
0,40,832769181346996225
17639,3880,832757312314028032
12440,3143,832682457690300417
3058,555,832645525019123713
16607,2990,832636094638288896
12518,2386,832397543355072512
18008,3421,832369877331693569
11856,2502,832273440279240704
0,6648,832215909146226688
0,10068,832215726631055365
69,2,832088576586297345
0,10416,832040443403784192
18699,4976,832032802820481025
25164,6575,831939777352105988
359,35,831926988323639298
29025,7002,831911600680497154
10972,1945,831670449226514432
7540,2080,831650051525054464
9441,2462,831552930092285952
9676,1642,831322785565769729
6860,1197,831315979191906304
12319,2623,831309418084069378
12512,2201,831262627380748289
8360,1606,830956169170665475
70258,18076,830583320585068544
0,6132,830173239259324417
10329,3219,830097400375152640
0,5398,829878982036299777
12851,2103,829861396166877184
33382,11426,829501995190984704
10997,2183,829449946868879360
36386,10015,829374341691346946
25745,7977,829141528400556032
55724,17473,829011960981237760
0,3660,828801551087042563
26893,6316,828770345708580865
38487,12095,828708714936930305
9991,1450,828650029636317184
6621,1240,828409743546925057
8057,1384,828408677031882754
13281,2399,828381636999917570
7762,1146,828376505180889089
13201,3178,828372645993398273
2306,183,828361771580813312
12371,3086,828046555563323392
10897,2315,828011680017821696
21193,5628,827933404142436356
16226,3241,827653905312006145
7791,1022,827600520311402496
16706,3302,827324948884643840
11129,2419,827199976799354881
22733,5398,826958653328592898
38405,11018,826848821049180160
0,4268,826615380357632002
5384,272,826598799820865537
10613,2534,826598365270007810
19413,4529,826476773533745153
13995,2795,826240494070030336
5150,1005,826204788643753985
16506,3390,826115272272650244
11034,2022,825876512159186944
13428,2688,825829644528148480
54929,18568,825535076884762624
19314,4940,825147591692263424
0,1377,825120256414846976
6703,1377,825026590719483904
0,5945,824796380199809024
15810,3800,824775126675836928
10638,1877,824663926340194305
12442,11231,824325613288833024
15893,4185,824297048279236611
5036,637,824025158776213504
11233,2931,823939628516474880
0,12129,823719002937630720
13296,2615,823699002998870016
13776,2863,823581115634085888
735,27,823333489516937216
16628,4348,823322678127919110
0,10660,823269594223824897
18263,3726,822975315408461824
139898,47462,822872901745569793
13983,2475,822859134160621569
0,6933,822647212903690241
15623,3218,822610361945911296
19208,6933,822489057087389700
30104,15863,822462944365645825
37025,10660,822244816520155136
0,5202,822163064745328640
12002,2538,821886076407029760
0,3623,821813639212650496
8904,1808,821765923262631936
8492,1923,821522889702862852
0,6064,821421320206483457
12454,4710,821407182352777218
267,10,821153421864615936
9223,2188,821149554670182400
10145,2308,821107785811234820
13412,2485,821044531881721856
0,7274,820837357901512704
33407,10746,820749716845686786
12910,3490,820690176645140481
0,613,820494788566847489
0,2805,820446719150292993
3531,613,820314633777061888
20983,6830,820078625395449857
0,1283,820013781606658049
5633,1283,819952236453363712
13626,5250,819924195358416896
14248,3397,819711362133872643
10136,2138,819588359383371776
7644,1313,819347104292290561
2419,438,819238181065359361
24454,7274,819227688460238848
0,39891,819015337530290176
0,20556,819015331746349057
47873,20556,819006400881917954
91850,39891,819004803107983360
0,22666,818646164899774465
23527,8098,818627210458333184
10460,2806,818614493328580609
0,6674,818588835076603904
11565,2692,818536468981415936
0,8830,818307523543449600
11688,2482,818259473185828864
13020,2822,818145370475810820
5133,859,817908911860748288
54973,29526,817827839487737858
11348,2907,817777686764523521
12528,3303,817536400337801217
0,3686,817502432452313088
36241,16249,817423860136083457
5955,1046,817415592588222464
0,9235,817181837579653120
9257,2193,817171292965273600
12917,2848,817120970343411712
9104,1800,817056546584727552
0,5130,816829038950027264
10608,2211,816816676327063552
10410,2400,816697700272001025
32455,8830,816450570814898180
9127,2126,816336735214911488
9477,2349,816091915477250048
0,1133,816062466425819140
0,5780,816014286006976512
5308,1133,815990720817401858
23819,9235,815966073409433600
0,4500,815745968457060357
10453,2472,815736392542261248
8726,1791,815639385530101762
10999,4150,815390420867969024
8120,1407,814986499976527872
11972,2953,814638523311648768
0,6314,814578408554463233
9200,2024,814530161257443328
30585,9456,814153002265309185
0,3478,813944609378369540
9882,2045,813910438903693312
38664,15274,813812741911748608
8873,1918,813800681631023104
19850,7963,813217897535406080
9766,1960,813202720496779264
21082,4760,813187593374461952
9916,2084,813172488309972993
8260,2417,813157409116065792
8969,2568,813142292504645637
4755,485,813130366689148928
12614,3410,813127251579564032
10986,3004,813112105746448384
11204,3922,813096984823349248
10505,3020,813081950185472002
8469,2115,813066809284972545
22293,7992,813051746834595840
8074,2087,812781120811126785
7047,1556,812709060537683968
6466,1328,812503143955202048
8493,2104,812466873996607488
14572,4003,812372279581671427
7725,1536,811985624773361665
8036,1749,811744202451197953
5938,809,811647686436880384
13611,3401,811627233043480576
22259,6972,811386762094317568
5671,1561,810984652412424192
9626,1954,810896069567610880
11674,2890,810657578271330305
37715,12431,810284430598270976
15629,3660,810254108431155201
16480,4268,809920764300447744
0,5341,809808892968534016
7378,1603,809448704142938112
21219,6132,809220051211603969
14065,3826,809084759137812480
10763,3320,808838249661788160
8423,2369,808733504066486276
12007,2840,808501579447930884
45270,22666,808344865868283904
0,6495,808134635716833280
9315,2400,808106460588765185
13386,3863,808001312164028416
15509,4012,807621403335917568
126566,60701,807106840509214720
0,7999,807059379405148160
13901,4184,807010152071229440
80071,38051,806629075125202948
0,6026,806620845233815552
5167,2097,806576416489959424
10883,2578,806542213899489280
0,12742,806242860592926720
6847,1302,806219024703037440
0,5882,805958939288408065
8809,2088,805932879469572096
7014,2000,805826884734976000
0,8785,805823200554876929
6118,1798,805520635690676224
9336,2769,805487436403003392
8312,1863,805207613751304193
14632,4201,804738756058218496
6542,2196,804475857670639616
0,3526,804413760345620481
47562,17732,804026241225523202
10707,3028,803773340896923648
0,8127,803692223237865472
11700,4514,803638050916102144
8268,2025,803380650405482500
0,5800,803321560782307329
10689,2694,803276597545603072
9632,2198,802952499103731712
0,3197,802624713319034886
7586,1608,802600418706604034
9529,2734,802572683846291456
17312,6363,802323869084381190
7041,1491,802265048156610565
9673,2848,802239329049477120
0,290,802185808107208704
8225,1866,801958328846974976
1878,256,801854953262350336
8742,2243,801538201127157760
6454,913,801285448605831168
26139,6495,801167903437357056
0,4334,801127390143516673
8621,2283,801115127852503040
735,104,800859414831898624
0,1777,800855607700029440
11203,3031,800751577355128832
14019,3286,800513324630806528
10097,2356,800459316964663297
0,4716,800443802682937345
11891,3073,800388270626521089
0,4313,800188575492947969
16341,2805,800141422401830912
30298,14394,800018252395122689
0,5113,799774291445383169
8973,2362,799757965289017345
8583,2093,799422933579902976
0,6031,799308762079035393
10579,3027,799297110730567681
8621,2695,799063482566066176
14040,4890,798933969379225600
7944,1564,798925684722855936
0,7210,798705661114773508
0,8534,798701998996647937
0,7113,798697898615730177
0,5425,798694562394996736
0,2535,798686750113755136
0,5162,798682547630837760
0,6051,798673117451325440
0,4253,798665375516884993
0,2026,798644042770751489
0,2150,798628517273620480
0,6238,798585098161549313
0,6393,798576900688019456
0,3668,798340744599797760
11071,2795,798209839306514432
12429,3433,797971864723324932
15479,5304,797545162159308800
21315,7249,797236660651966464
246,29,797165961484890113
0,9703,796904159865868288
8182,2084,796865951799083009
12662,3349,796759840936919040
0,7978,796563435802726400
8087,1928,796484825502875648
11741,4561,796387464403357696
0,15669,796177847564038144
34511,15669,796149749086875649
5277,1954,796125600683540480
9711,2647,796116448414461957
9032,2535,796080075804475393
11542,4022,796031486298386433
53169,26053,795464331001561088
10767,3141,795400264262053889
17330,5945,795076730285391872
0,3689,794983741416415232
10975,2520,794926597468000259
0,11247,794355576146903043
10227,2901,794332329137291264
9825,3621,794205286408003585
17942,5341,793962221541933056
9829,2052,793845145112371200
0,3417,793614319594401792
8511,1784,793601777308463104
11411,2602,793500921481273345
26258,10068,793286476301799424
9232,2591,793271401113350145
21339,9127,793256262322548741
11230,3583,793241302385262592
10496,3128,793226087023144960
9535,3074,793210959003287553
16314,6153,793195938047070209
7401,2181,793180763617361921
10041,3041,793165685325201412
6589,1869,793150605191548928
6908,2729,793135492858580992
13542,4278,793120401413079041
15307,4386,792913359805018113
12073,4681,792883833364439040
7835,1834,792773781206999040
14354,4689,792394556390137856
7657,1973,792050063153438720
0,22980,791821351946420224
0,10523,791784077045166082
0,4161,791780927877898241
48203,24278,791774931465953280
12546,3417,791672322847637504
14004,4500,791406955684368384
9390,2776,791312159183634433
0,4492,791026214425268224
10554,2338,790987426131050500
17725,5130,790946055508652032
0,2533,790723298204217344
8743,2085,790698755171364864
22049,7856,790581949425475584
8347,2040,790337589677002753
13387,3478,790277117346975746
0,3906,790227638568808452
9856,2533,789986466051088384
0,4512,789960241177853952
11090,4508,789903600034189313
8012,1948,789628658055020548
7220,2117,789599242079838210
12538,3689,789530877013393408
9190,2517,789314372632018944
0,5399,789280767834746880
9731,2819,789268448748703744
10353,3055,789137962068021249
29246,13524,788908386943430656
29261,11247,788765914992902144
0,7863,788552643979468800
16640,5783,788412144018661376
7707,2307,788178268662984705
6552,1424,788150585577050112
0,3734,788070120937619456
6554,1444,788039637453406209
9250,3337,787810552592695296
10902,3036,787717603741622272
11568,3095,787397959788929025
8309,1907,787322443945877504
0,7333,787111942498508800
28340,8705,786963064373534720
0,2629,786729988674449408
19368,6648,786709082849828864
11370,2787,786664955043049472
10039,3373,786595970293370880
11611,3815,786363235746385920
8480,3115,786286427768250368
16305,5202,786233965241827333
1535,168,786051337297522688
0,7698,786036967502913536
12106,3452,785927819176054784
7114,1986,785872687017132033
8322,2419,785639753186217984
9698,2185,785533386513321988
6499,1370,785515384317313025
7738,1780,785264754247995392
12882,5294,785170936622350336
10791,3526,784826020293709826
9544,2765,784517518371221505
6060,1395,784431430411685888
21420,8785,784183165795655680
31812,12129,784057939640352768
31975,11771,783839966405230592
7826,2129,783821107061198850
11122,3515,783695101801398276
8991,2454,783466772167098368
17941,5988,783391753726550016
0,6094,783347506784731136
31078,12742,783334639985389568
8648,2415,783085703974514689
25660,7999,782969140009107456
7933,1516,782747134529531904
18391,5882,782722598790725632
8273,2037,782598640137187329
17725,6064,782305867769217024
0,6782,782021823840026624
11817,3660,781955203444699136
11100,2948,781661882474196992
4256,1217,781655249211752448
22059,6026,781524693396357120
7570,2767,781308096455073793
8966,2284,781251288990355457
10378,2975,781163403222056960
22994,7978,780931614150983680
7653,2179,780858289093574656
5848,1414,780800785462489090
12846,3623,780601303617732608
6698,1877,780543529827336192
0,4032,780496263422808064
0,126,780476555013349377
5620,1162,780459368902959104
9255,2428,780192070812196864
0,2500,780092040432480260
13009,5421,780074436359819264
20147,7698,779834332596887552
9366,3381,779377524342161408
0,19986,779124354206535695
12535,3959,779123168116150273
15713,4913,779056095788752897
21250,7883,778990705243029504
0,10829,778774459159379968
912,399,778764940568104960
7331,1443,778748913645780993
6114,1621,778650543019483137
4933,1095,778624900596654080
14499,4717,778408200802557953
0,13287,778396591732486144
6203,1201,778383385161035776
11034,3581,778286810187399168
8991,2854,778039087836069888
6951,1759,778027034220126208
0,3822,777953400541634568
6757,1780,777885040357281792
11910,3197,777684233540206592
0,4605,777641927919427584
9302,2697,777621514455814149
15211,4690,777189768882946048
0,14911,776819012571455488
5174,1315,776813020089548800
9379,3025,776477788987613185
0,9911,776249906839351296
31830,17305,776218204058357768
10182,2729,776201521193218049
12449,4716,776113305656188928
1937,165,776088319444877312
0,17806,775898661951791106
12428,2895,775842724423557120
14679,4334,775733305207554048
13697,4952,775729183532220416
7871,3223,775364825476165632
10760,4228,775350846108426240
16472,5113,775085132600442880
9061,1915,774757898236878852
7118,1871,774639387460112384
23067,6031,774314403806253056
11375,4193,773985732834758656
6774,1873,773922284943896577
6985,1756,773704687002451968
5635,1399,773670353721753600
23409,6674,773547596996571136
0,5510,773336787167145985
24629,8078,773308824254029826
9973,3481,773247561583001600
10580,4445,773191612633579521
9078,4189,772877495989305348
8462,2525,772826264096874500
0,3648,772615324260794368
6858,1823,772581559778025472
6368,1497,772193107915964416
4002,1210,772152991789019136
3974,796,772117678702071809
2876,511,772114945936949249
4239,1003,772102971039580160
6963,2049,771908950375665664
12695,3668,771770456517009408
8765,2840,771500966810099713
11137,5510,771380798096281600
0,8170,771171053431250945
9709,3173,771136648247640064
6602,1554,771102124360998913
7273,1789,771014301343748096
0,236,771004394259247104
5237,1316,770787852854652928
5488,1527,770772759874076672
7741,1882,770655142660169732
6655,2231,770414278348247044
6600,1607,770293558247038976
0,3276,770093767776997377
8023,2486,770069151037685760
33248,10416,769940425801170949
6751,1787,769695466921623552
0,8291,769335591808995329
5710,1846,769212283578875904
15241,7062,768970937022709760
0,2913,768909767477751808
4434,959,768855141948723200
4347,1306,768609597686943744
5300,1378,768596291618299904
0,6287,768554158521745409
14408,3701,768473857036525572
11529,3822,768193404517830656
5020,1513,767884188863397888
16928,5800,767754930266464257
7898,2518,767500508068192258
12961,4105,767191397493538821
10709,3069,767122157629476866
0,6089,766864461642756096
5358,1465,766793450729734144
2756,419,766714921925144576
4252,851,766693177336135680
6357,1721,766423258543644672
7165,2029,766313316352462849
0,2805,766078092750233600
4512,925,766069199026450432
3959,532,766008592277377025
7649,2314,765719909049503744
5486,1314,765669560888528897
27925,3662,765395769549590528
7492,2331,765371061932261376
12270,3648,765222098633691136
6787,1906,764857477905154048
6383,1633,764259802650378240
784,58,763956972077010945
13304,4492,763837565564780549
5699,1583,763183847194451968
0,3249,763167063695355904
7767,2458,763103485927849985
12836,3906,762699858130116608
11902,6973,762471784394268675
10882,4512,762464539388485633
5084,1212,762316489655476224
33760,16804,762035686371364864
5694,2177,761976711479193600
0,4233,761750502866649088
4482,924,761745352076779520
52325,31251,761672994376806400
4356,1266,761599872357261312
0,19333,761371037149827077
5484,1562,761334018830917632
4710,1181,761292947749015552
5601,1674,761227390836215808
11931,3734,761004547850530816
4030,1047,760893934457552897
6963,2073,760656994973933572
5226,1388,760641137271070720
7992,3903,760539183865880579
4460,1504,760521673607086080
28312,12360,760290219849637889
4147,930,760252756032651264
6004,1944,760190180481531904
0,34,760153949710192640
6255,2250,759943073749200896
15465,6089,759923798737051648
7074,2131,759846353224826880
6285,2043,759793422261743616
0,22700,759566828574212096
4949,1263,759557299618865152
8950,2629,759447681597108224
1761,521,759446261539934208
6377,2092,759197388317847553
0,1246,759159934323924993
15306,4487,759099523532779520
6855,2175,759047813560868866
3739,959,758854675097526272
11764,4116,758828659922702336
6035,1727,758740312047005698
4027,1068,758474966123810816
5059,2393,758467244762497024
5478,2075,758405701903519748
3615,1164,758355060040593408
20214,10829,758099635764359168
2852,402,758041019896193024
7252,3495,757741869644341248
0,8703,757729163776290825
4780,1304,757725642876129280
4802,1200,757611664640446465
0,314,757597904299253760
4580,1137,757596066325864448
15935,7348,757400162377592832
6137,1878,757393109802180609
4754,1531,757354760399941633
6603,2129,756998049151549440
7000,2161,756939218950160384
5327,1405,756651752796094464
10938,3876,756526248105566208
4151,1162,756303284449767430
45086,18764,756288534030475264
6760,1631,756275833623502848
7719,3104,755955933503782912
17322,5788,755206590534418437
22343,11889,755110668769038337
0,8592,754874841593970688
7233,2714,754856583969079297
2703,557,754747087846248448
5576,2094,754482103782404096
3936,786,754449512966619136
8243,2507,754120377874386944
6147,2330,753655901052166144
8337,3829,753420520834629632
6075,2065,753398408988139520
8026,2500,753375668877008896
0,6175,753298634498793472
3568,1118,753294487569522689
39056,22474,753039830821511168
4093,1047,753026973505581056
13292,7333,752932432744185856
7249,1687,752917284578922496
0,3103,752701944171524096
6287,1721,752682090207055872
4634,1687,752660715232722944
5804,2453,752568224206688256
7745,3700,752519690950500352
4013,1182,752334515931054080
0,17916,752309394570878976
6253,1979,752173152931807232
3229,999,751950017322246144
5477,1443,751937170840121344
6098,2102,751830394383790080
6165,3119,751793661361422336
8302,3260,751598357617971201
4619,1189,751583847268179968
5292,1355,751538714308972544
3365,1071,751456908746354688
13125,6295,751251247299190784
6618,1963,751205363882532864
5329,1394,751132876104687617
5013,1483,750868782890057730
13862,5399,750719632563142656
4661,1231,750506206503038976
13836,4605,750429297815552001
4782,1218,750383411068534784
726,30,750381685133418496
3256,1030,750147208377409536
3817,1365,750132105863102464
4548,1390,750117059602808832
3187,903,750101899009982464
2280,581,750086836815486976
8256,3576,750071704093859840
3296,956,750056684286914561
3330,663,750041628174217216
2844,841,750026558547456000
3406,970,750011400160841729
3187,866,749996283729883136
5357,2618,749981277374128128
4881,1402,749774190421639168
6396,1778,749417653287129088
2756,581,749403093750648834
9024,3708,749395845976588288
5743,2366,749317047558017024
6039,2216,749075273010798592
5018,1620,749064354620928000
3253,838,749036806121881602
11248,3635,748977405889503236
6123,2417,748932637671223296
2899,1013,748705597323898880
4961,1705,748699167502000129
4446,1418,748692773788876800
6350,2118,748575535303884801
2285,716,748568946752774144
5475,1324,748346686624440324
8052,4395,748337862848962560
3873,816,748324050481647620
3840,759,748307329658011649
14821,8326,748220828303695873
6054,2286,747963614829678593
6933,2720,747933425676525569
3083,1050,747885874273214464
2944,801,747844099428986880
5073,1240,747816857231626240
1445,165,747651430853525504
13505,6232,747648653817413632
2428,586,747600769478692864
3865,1120,747594051852075008
5800,1693,747512671126323200
4043,1097,747461612269887489
5680,2055,747439450712596480
0,3069,747242308580548608
5523,1683,747219827526344708
3535,981,747204161125646336
10018,4251,747103485104099331
3013,315,746906459439529985
6276,2290,746872823977771008
5552,1837,746818907684614144
5105,1695,746790600704425984
10017,4161,746757706116112384
6314,1910,746726898085036033
5266,1993,746542875601690625
0,1048,746521445350707200
4848,1150,746507379341139972
6453,1751,746369468511756288
7227,2347,746131877086527488
3708,865,746056683365994496
4210,1135,745789745784041472
7303,2469,745712589599014916
7409,2702,745433870967832576
8969,2583,745422732645535745
7502,2955,745314880350101504
8191,3757,745074613265149952
7545,2419,745057283344719872
3107,660,744995568523612160
8235,2869,744971049620602880
5842,1657,744709971296780288
7066,2272,744334592493166593
163700,83248,744234799360020481
1759,393,744223424764059648
4347,1154,743980027717509120
3804,1016,743895849529389061
0,2212,743835915802583040
4671,1465,743609206067040256
19263,6989,743595368194129920
3673,991,743545585370791937
8257,3935,743510151680958465
4418,1295,743253157753532416
6466,2022,743222593470234624
4009,1452,743210557239623680
7355,3775,742534281772302336
4618,2119,742528092657332225
7579,4136,742465774154047488
10259,4032,742423170473463808
7103,2110,742385895052087300
4536,1464,742161199639494656
5358,1654,742150209887731712
4759,1601,741793263812808706
8527,2932,741743634094141440
3830,884,741438259667034112
9150,3433,741303864243200000
10468,5902,741099773336379392
9862,3276,741067306818797568
6676,2941,740995100998766593
3552,992,740711788199743490
2957,828,740699697422163968
18935,7210,740676976021798912
36338,14119,740373189193256964
2583,461,740365076218183684
3437,909,740359016048689152
6976,2088,740214038584557568
20812,6287,739979191639244800
4223,1145,739932936087216128
3957,906,739844404073074688
3963,1446,739623569819336705
5597,1757,739606147276148736
41374,22700,739544079319588864
7488,3122,739485634323156992
120913,61635,739238157791694849
112,6,738891149612572673
3928,1209,738885046782832640
3470,857,738883359779196928
5308,1653,738537504001953792
3386,892,738402415918125056
4491,1280,738184450748633089
9167,3606,738166403467907072
2639,694,738156290900254721
5494,1864,737826014890496000
10420,3670,737800304142471168
5249,1413,737678689543020544
10710,4729,737445876994609152
3759,858,737322739594330112
15302,7870,737310737551491075
4484,1838,736736130620620800
18497,7863,736392552031657984
4158,1324,736365877722001409
8466,2932,736225175608430592
8221,3154,736010884653420544
3745,1220,735991953473572864
4168,1168,735648611367784448
6435,2487,735635087207878657
13553,5383,735274964362878976
3479,940,735256018284875776
3256,1026,735137028879360001
2848,546,734912297295085568
13082,6670,734787690684657664
2616,576,734776360183431168
1559,418,734559631394082816
3730,823,733828123016450049
3812,1067,733822306246479872
3274,1003,733482008106668032
4373,1352,733460102733135873
51275,17806,733109485275860992
2537,565,732732193018155009
3672,932,732726085725589504
3829,818,732585889486888962
8420,2673,732375214819057664
15538,5780,732005617171337216
3626,1040,731285275100512256
3989,1348,731156023742988288
6373,2094,730924654643314689
5115,2277,730573383004487680
3604,1105,730427201120833536
3982,1118,730211855403241472
5079,2035,730196704625098752
4203,1192,729854734790754305
1772,408,729838605770891264
4148,1312,729823566028484608
6034,2447,729463711119904772
1958,348,729113531270991872
3279,864,728986383096946689
4863,1804,728760639972315136
2882,714,728751179681943552
3440,1095,728653952833728512
5108,2116,728409960103686147
3816,1014,728387165835677696
4472,1245,728046963732717569
4728,1761,728035342121635841
4256,1160,728015554473250816
3047,669,727685679342333952
6129,1848,727644517743104000
4649,1287,727524757080539137
3464,794,727314416056803329
3162,863,727286334147182592
4028,1456,727175381690781696
3792,1401,727155742655025152
7156,2590,726935089318363137
3986,1591,726887082820554753
3691,1060,726828223124897792
4582,1210,726224900189511680
7327,2805,725842289046749185
4323,1435,725786712245440512
5391,1883,725729321944506368
1463,656,725458796924002305
3861,1376,724983749226668032
2466,677,724771698126512129
5504,1739,724405726123311104
4489,1866,724049859469295616
2762,592,724046343203856385
4347,1662,724004602748780546
4053,1294,723912936180330496
7996,3150,723688335806480385
3141,941,723673163800948736
5495,1979,723179728551723008
4260,1660,722974582966214656
5154,1728,722613351520608256
4834,1975,721503162398597120
2625,652,721001180231503872
3235,812,720785406564900865
2573,714,720775346191278080
4291,1582,720415127506415616
6643,2654,720389942216527872
2971,1031,720340705894408192
4039,1187,720059472081784833
5098,2118,720043174954147842
5013,1844,719991154352222208
4727,1529,719704490224398336
5253,2034,719551379208073216
2901,782,719367763014393856
4580,1321,719339463458033665
3546,1006,719332531645071360
3622,1157,718971898235854848
5441,1862,718939241951195136
19606,8534,718631497683582976
2529,508,718613305783398402
2573,1071,718540630683709445
2797,555,718460005985447936
5051,1592,718454725339934721
2004,528,718246886998687744
4030,1063,718234618122661888
2543,624,717841801130979328
2992,1190,717790033953034240
5969,1939,717537687239008257
1673,478,717428917016076293
3268,885,717421804990701568
6512,2019,717047459982213120
3399,1027,717009362452090881
4446,1244,716802964044845056
6218,1514,716791146589110272
1282,454,716730379797970944
13604,6234,716447146686459905
2457,223,716439118184652801
2887,1146,716285507865542656
6981,2027,716080869887381504
3307,921,715928423106027520
3873,1505,715758151270801409
4846,1784,715733265223708672
2896,596,715704790270025728
4048,1356,715696743237730304
4493,1710,715680795826982913
5678,1662,715360349751484417
3150,720,715342466308784130
2510,689,715220193576927233
5320,1989,715200624753819648
4333,1308,715009755312439296
3902,1088,714982300363173890
7652,4508,714962719905021952
4291,1500,714957620017307648
3395,1059,714631576617938945
3768,976,714606013974974464
2821,1222,714485234495041536
3139,756,714258258790387713
3390,884,714251586676113411
2359,929,714214115368108032
4475,1485,714141408463036416
3404,819,713919462244790272
1990,571,713909862279876608
2948,779,713900603437621249
5071,1455,713761197720473600
4582,1367,713411074226274305
7487,2986,713177543487135744
4628,1537,713175907180089344
19314,7113,712809025985978368
12843,5281,712717840512598017
4314,1283,712668654853337088
5527,1653,712438159032893441
254,25,712309440758808576
3941,1097,712097430750289920
3057,943,712092745624633345
3373,509,712085617388212225
2347,662,712065007010385924
0,132,711998809858043904
8378,2445,711968124745228288
2951,1039,711743778164514816
9234,4362,711732680602345472
34171,19333,711694788429553666
4021,973,711652651650457602
3804,1199,711363825979756544
3445,771,711306686208872448
3112,651,711008018775851008
4734,1466,710997087345876993
2652,729,710844581445812225
2801,569,710833117892898816
2394,596,710658690886586372
4983,2491,710609963652087808
4728,1984,710588934686908417
2463,781,710296729921429505
2221,544,710283270106132480
4714,1329,710272297844797440
2491,1192,710269109699739648
3029,944,710153181850935296
2873,940,710140971284037632
5723,2110,710117014656950272
3108,1126,709918798883774466
701,105,709901256215666688
3652,1262,709852847387627521
3680,1272,709566166965075968
3427,1122,709556954897764353
1543,251,709519240576036864
2319,611,709449600415961088
2719,731,709409458133323776
2504,604,709225125749587968
13111,6183,709207347839836162
2512,674,709198395643068416
2091,709,709179584944730112
2119,444,709158332880297985
4943,1733,709042156699303936
1865,694,708853462201716736
3103,948,708845821941387268
1763,534,708834316713893888
17173,7346,708810915978854401
2856,864,708738143638450176
2655,764,708711088997666817
2654,711,708479650088034305
3214,865,708469915515297792
16663,10711,708400866336894977
3755,1409,708356463048204288
2444,779,708349470027751425
4452,1626,708149363256774660
3526,887,708130923141795840
2791,1034,708119489313951744
2010,574,708109389455101952
4545,2026,708026248782585858
3257,1186,707995814724026368
51,2,707983188426153984
2811,1026,707969809498152960
3417,1001,707776935007539200
2601,646,707741517457260545
4263,2625,707738799544082433
3580,1062,707693576495472641
2685,933,707629649552134146
17666,6782,707610948723478529
2372,730,707420581654872064
2377,630,707411934438625280
3648,1373,707387676719185920
3421,1144,707377100785885184
2578,678,707315916783140866
2880,836,707297311098011648
2691,713,707059547140169728
2280,842,707038192327901184
4243,1447,707021089608753152
2401,627,707014260413456384
15191,8291,706904523814649856
2151,634,706901761596989440
3463,1024,706681918348251136
2686,1158,706644897839910912
2246,664,706593038911545345
3597,1491,706538006853918722
3226,1096,706516534877929472
3593,972,706346369204748288
22293,8447,706310011488698368
1774,495,706291001778950144
2849,974,706265994973601792
4062,2356,706169069255446529
5363,1705,706166467411222528
1542,404,706153300320784384
3232,777,705975130514706432
3269,941,705970349788291072
2474,588,705898680587526145
2029,554,705786532653883392
3304,1219,705591895322394625
3076,974,705475953783398401
4635,1738,705442520700944385
3978,1787,705428427625635840
3116,789,705239209544720384
2682,853,705223444686888960
2239,538,705102439679201280
2259,639,705066031337840642
4437,1175,704871453724954624
2346,578,704859558691414016
5315,1626,704847917308362754
2744,1053,704819833553219584
6901,3069,704761120771465216
3053,1059,704499785726889984
794,84,704491224099647488
3532,1119,704480331685040129
8366,3764,704364645503647744
1657,367,704347321748819968
1573,494,704134088924532736
1930,594,704113298707505153
3037,964,704054845121142784
1910,492,703774238772166656
3421,1203,703769065844768768
2702,725,703631701117943808
4020,1600,703611486317502464
3955,1456,703425003149250560
2556,736,703407252292673536
3657,1197,703382836347330562
1996,408,703356393781329922
2050,574,703268521220972544
7720,3286,703079050210877440
27501,13287,703041949650034688
2699,761,702932127499816960
1681,479,702899151802126337
3361,1147,702684942141153280
2295,597,702671118226825216
12713,3633,702598099714314240
2993,1011,702539513671897089
3329,1649,702332542343577600
3421,1095,702321140488925184
2574,809,702276748847800320
5011,1418,702217446468493312
3597,1051,701981390485725185
3980,1082,701952816642965504
3698,1458,701889187134500865
3580,1791,701805642395348998
2179,484,701601587219795968
2935,989,701570477911896070
2774,650,701545186879471618
12746,5425,701214700881756160
2306,609,700890391244103680
2700,651,700864154249383937
2531,528,700847567345688576
2537,1012,700796979434098688
23838,9911,700747788515020802
2751,850,700518061187723268
2379,602,700505138482569216
4317,1909,700462010979500032
2756,790,700167517596164096
2332,705,700151421916807169
7854,2913,700143752053182464
2758,736,700062718104104960
2155,620,700029284593901568
3456,1422,700002074055016451
3191,1015,699801817392291840
2333,527,699788877217865730
2885,1319,699779630832685056
2041,640,699775878809702401
10693,4873,699691744225525762
6198,2769,699446877801091073
2258,537,699434518667751424
1433,349,699423671849451520
2161,652,699413908797464576
1964,462,699370870310113280
3302,914,699323444782047232
2336,666,699088579889332224
2558,694,699079609774645248
3133,1259,699072405256409088
3942,1915,699060279947165696
2718,1267,699036661657767936
3522,1041,698989035503689728
2818,958,698953797952008193
2645,660,698907974262222848
2576,724,698710712454139905
1517,402,698703483621523456
1344,360,698635131305795584
2424,655,698549713696649216
1948,480,698355670425473025
2355,1005,698342080612007937
4952,2127,698262614669991936
17488,6314,698195409219559425
2921,787,698178924120031232
1599,354,697995514407682048
3427,1374,697990423684476929
2500,727,697943111201378304
3144,1265,697881462549430272
1824,570,697630435728322560
3299,1073,697616773278015490
3162,1334,697596423848730625
2128,528,697575480820686848
2170,1199,697516214579523584
2519,712,697482927769255936
3550,1462,697463031882764288
4877,1974,697270446429966336
3424,1052,697259378236399616
3145,1229,697255105972801536
2622,707,697242256848379904
3324,1084,696900204696625153
2435,711,696894894812565505
5050,1904,696886256886657024
2543,751,696877980375769088
1537,377,696754882863349760
2152,991,696744641916489729
2469,681,696713835009417216
4070,1800,696518437233913856
1272,154,696490539101908992
2652,1092,696488710901260288
3351,1208,696405997980676096
2020,705,696100768806522880
3141,1237,695816827381944320
3323,826,695794761660297217
1956,791,695767669421768709
4759,2224,695629776980148225
4560,1920,695446424020918272
9017,3787,695409464418041856
3796,1555,695314793360662529
2753,651,695095422348574720
2971,1174,695074328191332352
1677,637,695064344191721472
2780,835,695051054296211456
2811,968,694925794720792577
2874,987,694905863685980160
37314,15336,694669722378485760
1571,305,694356675654983680
2131,659,694352839993344000
1643,512,694342028726001664
2095,530,694329668942569472
4369,2155,694206574471057408
3078,986,694183373896572928
3546,1091,694001791655137281
1952,428,693993230313091072
1808,388,693942351086120961
2821,626,693647888581312512
1404,134,693644216740769793
2648,438,693642232151285760
2557,844,693629975228977152
1615,389,693622659251335168
5286,2093,693590843962331137
1717,270,693582294167244802
1858,669,693486665285931008
3513,1312,693280720173801472
2495,863,693267061318012928
2329,529,693262851218264065
2992,777,693231807727280129
8233,3394,693155686491000832
1790,650,693109034023534592
1956,490,693095443459342336
2781,792,692919143163629568
2550,927,692905862751522816
1864,641,692901601640583168
2374,858,692894228850999298
3014,930,692828166163931137
7130,3851,692752401762250755
4542,1629,692568918515392513
3339,1441,692535307825213440
1928,440,692530551048294401
1542,243,692423280028966913
9745,3686,692417313023332352
2636,866,692187005137076224
2244,841,692158366030913536
1717,416,692142790915014657
3549,1352,692041934689402880
2990,1008,692017291282812928
4125,1760,691820333922455552
8473,4457,691793053716221953
3018,1084,691756958957883396
2029,535,691675652215414786
2479,598,691483041324204033
4237,1221,691459709405118465
2768,894,691444869282295808
20163,8127,691416866452082688
2688,701,691321916024623104
3087,936,691096613310316544
1788,356,691090071332753408
6161,3037,690989312272396288
3749,1332,690959652130045952
4307,2110,690938899477221376
3429,1084,690932576555528194
3946,1352,690735892932222976
2262,549,690728923253055490
2427,847,690690673629138944
1365,296,690649993829576704
304,17,690607260360429569
2049,639,690597161306841088
1957,479,690400367696297985
3409,913,690374419777196032
2758,948,690360449368465409
1572,548,690348396616552449
1752,437,690248561355657216
2911,1100,690021994562220032
2624,788,690015576308211712
3838,1792,690005060500217858
1492,396,689999384604450816
1530,481,689993469801164801
1432,475,689977555533848577
2538,734,689905486972461056
3165,1254,689877686181715968
2258,799,689835978131935233
3350,987,689661964914655233
10813,4113,689659372465688576
2332,681,689623661272240129
12137,5880,689599056876867584
2138,488,689557536375177216
3550,1519,689517482558820352
2357,996,689289219123089408
3434,1171,689283819090870273
2081,756,689280876073582592
1209,260,689275259254616065
2672,1150,689255633275777024
3205,1066,689154315265683456
2112,542,689143371370250240
2858,926,688916208532455424
2205,822,688908934925697024
2201,839,688898160958271489
2341,738,688894073864884227
1441,396,688828561667567616
1006,206,688804835492233216
2320,704,688789766343622656
2734,744,688547210804498433
2418,780,688519176466644993
9692,4722,688385280030670848
2330,881,688211956440801280
2209,620,688179443353796608
2955,829,688116655151435777
1807,381,688064179421470721
5715,2684,687841446767013888
2852,1195,687826841265172480
2617,1009,687818504314159109
2504,744,687807801670897665
1844,699,687732144991551489
2551,884,687704180304273409
2020,541,687664829264453632
1990,610,687494652870668288
1666,256,687480748861947905
2066,564,687476254459715584
2143,576,687460506001633280
1976,663,687399393394311168
20976,9703,687317306314240000
4554,2018,687312378585812992
5702,2433,687127927494963200
2262,533,687124485711986689
6073,2617,687109925361856513
2443,1051,687102708889812993
2348,642,687096057537363968
9000,3378,686947101016735744
3677,1462,686760001961103360
3630,1549,686749460672679938
4337,1273,686730991906516992
2937,851,686683045143953408
3858,1449,686618349602762752
1979,580,686606069955735556
1825,720,686394059078897668
3406,934,686386521809772549
2318,598,686377065986265092
2302,724,686358356425093120
4175,1770,686286779679375361
2305,776,686050296934563840
1208,129,686035780142297088
3259,1239,686034024800862208
2597,449,686007916130873345
1910,677,686003207160610816
2207,557,685973236358713344
1701,639,685943807276412928
7860,3098,685906723014619143
2126,134,685681090388975616
2449,608,685667379192414208
3403,1558,685663452032069632
3065,831,685641971164143616
34446,16687,685547936038666240
3175,1226,685532292383666176
9907,4233,685325112850124800
2765,684,685321586178670592
3498,1149,685315239903100929
2164,467,685307451701334016
3230,1280,685268753634967552
2433,705,685198997565345792
4279,1511,685169283572338688
2471,402,684969860808454144
7118,3329,684959798585110529
3360,1109,684940049151070208
3659,494,684926975086034944
3667,1558,684914660081053696
1964,564,684902183876321280
2196,871,684880619965411328
36578,22980,684830982659280897
2835,1059,684800227459624960
9326,3756,684594889858887680
4303,1493,684588130326986752
3144,1308,684567543613382656
2767,1012,684538444857667585
4053,1241,684481074559381504
2071,590,684460069371654144
8513,3519,684241637099323392
1290,227,684225744407494656
4004,1464,684222868335505415
2259,1096,684200372118904832
2002,550,684195085588783105
3634,1252,684188786104872960
2108,715,684177701129875456
3110,1591,684147889187209216
2085,502,684122891630342144
4286,1528,684097758874210310
3977,1188,683857920510050305
2015,371,683852578183077888
2739,1042,683849932751646720
2735,1182,683834909291606017
2923,1124,683828599284170753
3491,1443,683773439333797890
6788,3534,683742671509258241
7691,3103,683515932363329536
3315,1024,683498322573824003
2757,1060,683481228088049664
2535,712,683462770029932544
4065,1713,683449695444799489
7959,2535,683391852557561860
3070,998,683357973142474752
3016,1109,683142553609318400
3547,971,683111407806746624
2265,704,683098815881154561
2072,599,683078886620553216
2245,773,683030066213818368
38591,17743,682962037429899265
1850,192,682808988178739200
2579,1188,682788441537560576
1587,463,682750546109968385
1370,380,682697186228989953
3180,1150,682662431982772225
2147,643,682638830361513985
3585,1241,682429480204398592
7923,1876,682406705142087680
2338,728,682393905736888321
1736,496,682389078323662849
3213,1063,682303737705140231
4347,1288,682259524040966145
3394,1255,682242692827447297
19094,10523,682088079302213632
5178,1794,682059653698686977
3343,1028,682047327939461121
6874,2142,682032003584274432
3287,1634,682003177596559360
2915,1097,681981167097122816
2572,878,681891461017812993
13328,4313,681694085539872773
1841,478,681679526984871937
2751,987,681654059175129088
1989,504,681610798867845120
3697,1383,681579835668455424
14955,6175,681523177663676416
1713,297,681340665377193984
9701,4326,681339448655802368
2770,805,681320187870711809
4117,1944,681302363064414209
3344,1017,681297372102656000
3359,1172,681281657291280384
1517,291,681261549936340994
1564,573,681242418453299201
2503,514,681231109724700672
3871,1579,681193455364796417
2536,710,680970795137544192
4749,2129,680959110691590145
3359,1123,680940246314430465
2164,466,680934982542561280
2495,658,680913438424612864
1840,387,680889648562991104
3609,1412,680836378243002368
2253,705,680805554198020098
2467,877,680801747103793152
2981,1109,680798457301471234
2751,755,680609293079592961
3781,1433,680583894916304897
4415,2027,680497766108381184
1791,510,680494726643068929
2657,792,680473011644985345
1514,535,680440374763077632
1517,305,680221482581123072
2962,1253,680206703334408192
2231,536,680191257256136705
4066,1665,680176173301628928
2422,782,680161097740095489
3773,1860,680145970311643136
2382,1013,680130881361686529
2824,965,680115823365742593
3720,1452,680100725817409536
13327,9499,680085611152338944
2684,932,680070545539371008
2052,685,679877062409191424
2269,706,679872969355714560
2556,662,679862121895714818
2984,1308,679854723806179328
2471,810,679844490799091713
37767,14911,679828447187857408
3209,1185,679777920601223168
2171,842,679736210798047232
2254,870,679729593985699840
1727,497,679722016581222400
4960,2202,679530280114372609
2755,767,679527802031484928
3508,1347,679511351870550016
3273,1564,679503373272485890
2179,679,679475951516934144
33032,19986,679462823135686656
2472,1275,679405845277462528
22311,8592,679158373988876288
2878,1095,679148763231985668
3078,1229,679132435750195208
6195,2712,679111216690831360
17740,8703,679062614270468097
2337,719,679047485189439488
2936,1310,679001094530465792
2415,1250,678991772295516161
1702,488,678969228704284672
2678,956,678800283649069056
3608,1257,678798276842360832
2906,972,678774928607469569
3672,1449,678767140346941444
1703,504,678764513869611008
7411,3505,678755239630127104
3904,1799,678740035362037760
5779,2568,678708137298427904
2982,1569,678675843183484930
2130,448,678643457146150913
4146,1660,678446151570427904
5614,2685,678424312106393600
4394,1929,678410210315247616
82136,33629,678399652199309312
1647,443,678396796259975168
1938,442,678389028614488064
2528,962,678380236862578688
1792,568,678341075375947776
1349,275,678334497360859136
11878,6422,678278586130948096
1641,394,678255464182861824
2003,405,678023323247357953
14263,6743,678021115718029313
3539,1779,677961670166224897
1400,432,677918531514703872
5008,2221,677895101218201600
3166,1019,677716515794329600
3509,1525,677700003327029250
1269,336,677698403548192770
2564,892,677687604918272002
3454,1580,677673981332312066
2016,1025,677662372920729601
1928,840,677644091929329666
2214,763,677573743309385728
1337,483,677565715327688705
2522,1224,677557565589463040
7165,3840,677547928504967168
1112,239,677530072887205888
3142,1883,677335745548390400
1402,308,677334615166730240
1131,247,677331501395156992
3752,1578,677328882937298944
1694,565,677314812125323265
1280,433,677301033169788928
2065,742,677269281705472000
3657,1723,677228873407442944
2817,973,677187300187611136
2867,1129,676975532580409345
2288,849,676957860086095872
1345,419,676949632774234114
2243,917,676948236477857792
1764,397,676946864479084545
2137,797,676942428000112642
13118,5162,676936541936185344
3060,1889,676916996760600576
2327,761,676897532954456065
2163,745,676864501615042560
23793,16414,676821958043033607
1856,698,676819651066732545
1456,444,676811746707918848
5158,2105,676776431406465024
2987,1032,676617503762681856
1120,206,676613908052996102
1935,459,676606785097199616
1203,404,676603393314578432
4719,2265,676593408224403456
943,133,676590572941893632
2398,838,676588346097852417
1239,291,676582956622721024
2675,1173,676575501977128964
1936,583,676533798876651520
1563,560,676496375194980353
11948,4895,676470639084101634
1772,695,676440007570247681
1436,361,676430933382295552
2135,578,676263575653122048
1260,306,676237365392908289
77052,32451,676219687039057920
1789,612,676215927814406144
2346,1077,676191832485810177
1978,697,676146341966438401
2214,1212,676121918416756736
2894,1212,676101918813499392
3093,1508,676098748976615425
1353,451,676089483918516224
1673,597,675898130735476737
2186,906,675891555769696257
2440,1004,675888385639251968
4284,1459,675878199931371520
1685,599,675870721063669760
2761,1357,675853064436391936
969,155,675849018447167488
2343,929,675845657354215424
1564,558,675822767435051008
1079,240,675820929667219457
10515,3536,675798442703122432
1663,495,675781562965868544
1198,363,675740360753160193
1939,860,675710890956750848
2029,727,675707330206547968
662,102,675706639471788032
1864,435,675534494439489536
1214,402,675531475945709568
1070,298,675522403582218240
1328,477,675517828909424640
17547,6051,675501075957489664
3212,1351,675497103322386432
1335,623,675489971617296384
1891,1014,675483430902214656
1562,593,675432746517426176
1733,529,675372240448454658
1072,237,675362609739206656
33628,17916,675354435921575936
4003,2351,675349384339542016
2846,1346,675334060156301312
3697,1676,675166823650848770
6428,2719,675153376133427200
3824,1753,675149409102012420
965,250,675147105808306176
1220,327,675146535592706048
2187,940,675145476954566656
1324,513,675135153782571009
1992,814,675113801096802304
986,264,675111688094527488
2858,1180,675109292475830276
1085,342,675047298674663426
2775,1247,675015141583413248
1006,236,675006312288268288
1588,490,675003128568291329
2291,1142,674999807681908736
877,368,674805413498527744
3068,892,674800520222154752
2556,1133,674793399141146624
1128,260,674790488185167872
825,218,674788554665512960
2041,1250,674781762103414784
1146,494,674774481756377088
1861,819,674767892831932416
798,247,674764817387900928
1390,466,674754018082705410
1489,483,674752233200820224
1434,574,674743008475090944
500,53,674742531037511680
1133,409,674739953134403584
660,96,674737130913071104
1172,484,674690135443775488
1642,676,674670581682434048
943,263,674664755118911488
1462,516,674646392044941312
1049,277,674644256330530816
1715,601,674638615994089473
1532,598,674632714662858753
957,102,674606911342424069
6340,2131,674468880899788800
1087,368,674447403907457024
1135,407,674436901579923456
1463,554,674422304705744896
693,145,674416750885273600
1221,482,674410619106390016
1527,593,674394782723014656
863,322,674372068062928900
572,76,674330906434379776
1441,531,674318007229923329
11538,7194,674307341513269249
15010,6094,674291837063053312
1595,752,674271431610523648
915,232,674269164442398721
1670,877,674265582246694913
1327,468,674262580978937856
1491,574,674255168825880576
766,176,674082852460433408
996,298,674075285688614912
6476,2282,674063288070742018
3381,1340,674053186244734976
1468,499,674051556661161984
1441,658,674045139690631169
734,132,674042553264685056
1123,425,674038233588723717
861,219,674036086168010753
1813,1266,674024893172875264
1152,309,674019345211760640
1585,667,674014384960745472
1213,366,674008982932058114
1980,996,673956914389192708
1186,378,673919437611909120
3237,1662,673906403526995968
944,257,673887867907739649
3121,782,673716320723169284
3595,2151,673715861853720576
1052,304,673711475735838725
860,283,673709992831262724
1094,299,673708611235921920
1111,403,673707060090052608
1272,411,673705679337693185
1461,591,673700254269775872
3863,2012,673697980713705472
1761,667,673689733134946305
1280,506,673688752737402881
1460,450,673686845050527744
1389,481,673680198160809984
1272,370,673662677122719744
726,248,673656262056419329
1126,371,673636718965334016
1611,741,673612854080196609
1209,378,673583129559498752
845,274,673580926094458881
1402,575,673576835670777856
1039,312,673363615379013632
1477,687,673359818736984064
1510,596,673355879178194945
1677,549,673352124999274496
755,218,673350198937153538
2553,1315,673345638550134785
985,278,673343217010679808
1294,603,673342308415348736
13666,8170,673320132811366400
882,266,673317986296586240
7619,3249,673295268553605120
1077,377,673270968295534593
1436,750,673240798075449344
2283,869,673213039743795200
1713,648,673148804208660480
1993,738,672997845381865473
970,307,672995267319328768
992,301,672988786805112832
1265,557,672984142909456390
1840,1029,672980819271634944
1706,937,672975131468300288
957,365,672970152493887488
1331,558,672968025906282496
1434,655,672964561327235073
1384,517,672902681409806336
911,432,672898206762672129
1572,851,672884426393653248
1045,379,672877615439593473
1330,583,672834301050937345
1268,504,672828477930868736
983,329,672640509974827008
1310,506,672622327801233409
1233,599,672614745925664768
1127,399,672609152938721280
1125,407,672604026190569472
1341,622,672594978741354496
959,342,672591762242805761
738,188,672591271085670400
1040,376,672538107540070400
649,175,672523490734551040
1125,449,672488522314567680
1148,618,672482722825261057
724,128,672481316919734272
1445,716,672475084225949696
1367,552,672466075045466113
6529,3474,672272411274932228
1519,629,672267570918129665
1156,346,672264251789176834
2842,1591,672256522047614977
1449,760,672254177670729728
1737,625,672248013293752320
696,162,672245253877968896
905,329,672239279297454080
1856,1040,672231046314901505
793,216,672222792075620352
2283,1181,672205392827572224
1032,377,672169685991993344
882,366,672160042234327040
1766,730,672139350159835138
2434,1167,672125275208069120
1007,374,672095186491711488
949,374,672082170312290304
1302,526,672068090318987265
8564,4253,671896809300709376
1345,585,671891728106971137
3502,1406,671882082306625538
1440,700,671879137494245376
1259,570,671874878652489728
1133,512,671866342182637568
914,456,671855973984772097
7129,3573,671789708968640512
1205,538,671768281401958400
1707,946,671763349865160704
1358,789,671744970634719232
746,236,671743150407421952
1467,775,671735591348891648
8594,4449,671729906628341761
12958,7389,671561002136281088
927,211,671550332464455680
1366,610,671547767500775424
2002,1069,671544874165002241
1103,575,671542985629241344
936,404,671538301157904385
1189,420,671536543010570240
1032,591,671533943490011136
851,265,671528761649688577
1415,537,671520732782923777
963,298,671518598289059840
1627,740,671511350426865664
7099,3622,671504605491109889
927,454,671497587707535361
1021,479,671488513339211776
584,209,671486386088865792
768,236,671485057807351808
1436,748,671390180817915904
1123,299,671362598324076544
405,150,671357843010908160
486,116,671355857343524864
967,439,671347597085433856
744,218,671186162933985280
1138,352,671182547775299584
887,360,671166507850801152
1679,1133,671163268581498880
379,84,671159727754231808
724,225,671154572044468225
676,158,671151324042559489
683,230,671147085991960577
1177,670,671141549288370177
939,413,671138694582165504
761,199,671134062904504320
3536,2580,671122204919246848
1379,792,671115716440031232
1160,449,671109016219725825
1116,299,670995969505435648
24866,8924,670842764863651840
600,198,670840546554966016
1129,711,670838202509447168
454,128,670833812859932673
742,224,670832455012716544
5617,4146,670826280409919488
785,197,670823764196741120
619,99,670822709593571328
3204,1573,670815497391357952
1143,275,670811965569282048
1169,501,670807719151067136
1989,979,670804601705242624
346,88,670803562457407488
743,243,670797304698376195
837,285,670792680469889025
669,246,670789397210615808
608,205,670786190031921152
830,405,670783437142401025
1587,789,670782429121134593
794,296,670780561024270336
330,74,670778058496974848
1085,432,670764103623966721
446,114,670755717859713024
976,524,670733412878163972
834,369,670727704916926465
1221,507,670717338665226240
774,379,670704688707301377
596,249,670691627984359425
757,290,670679630144274432
251,44,670676092097810432
10830,5149,670668383499735048
1538,776,670474236058800128
354,86,670468609693655041
978,564,670465786746662913
554,213,670452855871037440
1206,681,670449342516494336
6792,2026,670444955656130560
649,202,670442337873600512
1066,528,670435821946826752
1419,660,670434127938719744
332,114,670433248821026816
1400,642,670428280563085312
525,167,670427002554466305
1325,648,670421925039075328
634,322,670420569653809152
575,325,670417414769758208
2044,920,670411370698022913
562,230,670408998013820928
438,161,670403879788544000
567,217,670385711116361728
754,276,670374371102445568
332,69,670361874861563904
429,113,670338931251150849
3901,1246,670319130621435904
433,139,670303360680108032
712,293,670290420111441920
1039,342,670093938074779648
705,259,670086499208155136
2244,1268,670079681849372674
1589,808,670073503555706880
634,249,670069087419133954
776,350,670061506722140161
678,338,670055038660800512
651,181,670046952931721218
764,115,670040295598354432
592,285,670037189829525505
336,95,670003130994700288
328,86,669993076832759809
449,165,669972011175813120
305,62,669970042633789440
512,168,669942763794931712
380,106,669926384437997569
238,58,669923323644657664
824,409,669753178989142016
270,66,669749430875258880
525,91,669684865554620416
393,112,669683899023405056
355,136,669682095984410625
677,295,669680153564442624
810,449,669661792646373376
3565,1851,669625907762618368
957,368,669603084620980224
519,152,669597912108789760
1508,943,669583744538451968
441,143,669573570759163904
1607,1040,669571471778410496
240,56,669567591774625800
391,127,669564461267722241
371,78,669393256313184256
1349,748,669375718304980992
504,184,669371483794317312
471,161,669367896104181761
632,233,669363888236994561
373,127,669359674819481600
2741,1296,669354382627049472
653,266,669353438988365824
444,192,669351434509529089
1025,424,669328503091937280
582,119,669327207240699904
503,213,669324657376567296
1203,412,669216679721873412
444,170,669214165781868544
1015,489,669203728096960512
663,320,669037058363662336
749,381,669015743032369152
584,256,669006782128353280
21100,6499,669000397445533696
446,236,668994913074286592
749,355,668992363537309700
686,335,668989615043424256
905,481,668988183816871936
561,172,668986018524233728
544,316,668981893510119424
803,355,668979806671884288
1316,593,668975677807423489
146,25,668967877119254528
710,244,668960084974809088
283,73,668955713004314625
269,59,668932921458302977
320,103,668902994700836864
397,154,668892474547511297
533,307,668872652652679168
459,171,668852170888998912
439,141,668826086256599040
579,278,668815180734689280
711,379,668779399630725120
541,222,668655139528511488
904,542,668645506898350081
890,541,668643542311546881
1087,549,668641109086707712
1052,499,668636665813057536
2846,1683,668633411083464705
725,325,668631377374486528
322,118,668627278264475648
393,138,668625577880875008
1444,788,668623201287675904
205,43,668620235289837568
620,321,668614819948453888
1687,1097,668587383441514497
246,57,668567822092664832
520,232,668544745690562560
466,220,668542336805281792
253,77,668537837512433665
465,232,668528771708952576
329,111,668507509523615744
418,135,668496999348633600
433,240,668484198282485761
463,152,668480044826800133
892,526,668466899341221888
626,302,668297328638447616
248,32,668291999406125056
508,140,668286279830867968
832,235,668274247790391296
559,243,668268907921326080
1316,629,668256321989451776
1002,499,668248472370458624
6265,2903,668237644992782336
302,105,668226093875376128
513,200,668221241640230912
558,198,668204964695683073
661,199,668190681446379520
498,199,668171859951755264
502,322,668154635664932864
571,289,668142349051129856
671,247,668113020489474048
1274,802,667937095915278337
303,113,667924896115245057
209,57,667915453470232577
495,309,667911425562669056
856,381,667902449697558528
1900,1111,667886921285246976
823,497,667885044254572545
394,122,667878741721415682
629,414,667873844930215936
3015,1048,667866724293877760
244,78,667861340749471744
291,63,667832474953625600
1062,502,667806454573760512
329,97,667801013445750784
702,335,667793409583771648
410,246,667782464991965184
237,57,667773195014021121
444,220,667766675769573376
378,152,667728196545200128
483,323,667724302356258817
0,35,667550904950915073
0,33,667550882905632768
5817,2310,667549055577362432
335,126,667546741521195010
868,531,667544320556335104
204,65,667538891197542400
821,546,667534815156183040
469,242,667530908589760512
1707,1118,667524857454854144
367,193,667517642048163840
6803,2150,667509364010450944
535,221,667502640335572993
521,272,667495797102141441
533,230,667491009379606528
258,100,667470559035432960
191,60,667455448082227200
313,91,667453023279554560
781,583,667443425659232256
449,239,667437278097252352
304,84,667435689202614272
466,220,667405339315146752
194,56,667393430834667520
365,164,667369227918143488
492,242,667211855547486208
613,261,667200525029539841
384,108,667192066997374976
742,418,667188689915760640
14348,6238,667182792070062081
190,55,667177989038297088
610,464,667176164155375616
243,84,667174963120574464
221,91,667171260800061440
2691,1143,667165590075940865
256,62,667160273090932737
47741,17167,667152164079423490
4595,2212,667138269671505920
328,127,667119796878725120
331,126,667090893657276420
402,121,667073648344346624
81,14,667070482143944705
166,46,667065535570550784
215,54,667062181243039745
182,51,667044094246576128
442,225,667012601033924608
243,94,666996132027977728
2541,982,666983947667116034
813,553,666837028449972224
213,80,666835007768551424
251,97,666826780179869698
515,249,666817836334096384
240,93,666804364988780544
756,484,666786068205871104
383,192,666781792255496192
347,174,666776908487630848
234,66,666739327293083650
425,219,666701168228331520
186,47,666691418707132416
1114,620,666649482315059201
228,80,666644823164719104
515,208,666454714377183233
103,20,666447344410484738
123,47,666437273139982337
162,53,666435652385423360
310,195,666430724426358785
163,82,666428276349472768
312,111,666421158376562688
122,45,666418789513326592
433,322,666411507551481857
106,40,666407126856765440
161,83,666396247373291520
182,89,666373753744588802
757,560,666362758909284353
215,71,666353288456101888
285,132,666345417576210432
190,90,666337882303524864
489,344,666293911632134144
143,63,666287406224695296
170,76,666273097616637952
100,35,666268910803644416
14042,6393,666104133288665088
78,11,666102155909144576
151,66,666099513787052032
161,72,666094000022159362
113,44,666082916733198337
315,159,666073100786774016
142,58,666071193221509120
465,213,666063827256086533
109,57,666058600524156928
289,138,666057090499244032
428,235,666055525042405380
1196,831,666051853826850816
130,57,666050758794694657
106,42,666049248165822465
292,136,666044226329800704
123,43,666033412701032449
126,46,666029285002620928
2531,498,666020888022790149
